payment_id,failure_reason,selected_action,ml_probability,net_value,recovered,reason_policy_action,policy_match
P000001,authentication_failed,PAYMENT_LINK,0.6259589,190.71695810556412,0,PAYMENT_LINK,True
P000008,insufficient_funds,WAIT,0.67244685,0.0,1,WAIT,True
P000015,payment_method_issue,PAYMENT_LINK,0.923472,141.41516149044037,1,PAYMENT_LINK,True
P000030,bank_error,RETRY,0.85908127,83.96347278356552,1,RETRY,True
P000031,payment_method_issue,PAYMENT_LINK,0.712377,204.10564249753952,0,PAYMENT_LINK,True
P000033,payment_method_issue,PAYMENT_LINK,0.78276145,212.67489126324654,1,PAYMENT_LINK,True
P000044,insufficient_funds,WAIT,0.6902379,0.0,1,WAIT,True
P000045,payment_method_issue,PAYMENT_LINK,0.8956007,183.64872020483017,0,PAYMENT_LINK,True
P000046,bank_error,RETRY,0.78384084,119.71918654441833,1,RETRY,True
P000052,authentication_failed,PAYMENT_LINK,0.9207304,195.06361836194992,0,PAYMENT_LINK,True
P000053,authentication_failed,PAYMENT_LINK,0.8708352,221.23716536164284,1,PAYMENT_LINK,True
P000057,bank_error,PAYMENT_LINK,0.7310398,46.93896520137787,1,RETRY,False
P000064,bank_error,RETRY,0.823775,72.64958089590073,1,RETRY,True
P000068,payment_method_issue,PAYMENT_LINK,0.86333126,175.2777215242386,1,PAYMENT_LINK,True
P000071,payment_method_issue,PAYMENT_LINK,0.51859397,189.05900979042053,1,PAYMENT_LINK,True
P000074,bank_error,RETRY,0.7930309,71.11735504865646,1,RETRY,True
P000081,bank_error,RETRY,0.61573005,118.60355207324028,1,RETRY,True
P000088,authentication_failed,PAYMENT_LINK,0.90047604,202.27499309182167,1,PAYMENT_LINK,True
P000089,bank_error,RETRY,0.7159126,34.098497807979584,0,RETRY,True
P000094,bank_error,RETRY,0.88158303,43.11128485202789,1,RETRY,True
P000097,insufficient_funds,WAIT,0.7637441,0.0,1,WAIT,True
P000103,payment_method_issue,PAYMENT_LINK,0.7847588,166.01274597644806,1,PAYMENT_LINK,True
P000105,authentication_failed,PAYMENT_LINK,0.8044759,168.38737481832504,1,PAYMENT_LINK,True
P000109,bank_error,PAYMENT_LINK,0.6297403,52.608730256557465,1,RETRY,False
P000112,payment_method_issue,PAYMENT_LINK,0.8330758,161.33305650949478,1,PAYMENT_LINK,True
P000121,payment_method_issue,PAYMENT_LINK,0.8219936,119.24627810716629,1,PAYMENT_LINK,True
P000125,insufficient_funds,WAIT,0.6680818,0.0,1,WAIT,True
P000135,insufficient_funds,WAIT,0.7408183,0.0,1,WAIT,True
P000136,payment_method_issue,PAYMENT_LINK,0.8896797,181.2894088625908,1,PAYMENT_LINK,True
P000140,insufficient_funds,REMINDER,0.8469689,54.14070850610733,1,WAIT,False
P000142,bank_error,PAYMENT_LINK,0.8486825,51.24615687131882,1,RETRY,False
P000145,payment_method_issue,PAYMENT_LINK,0.9051691,145.2714238166809,1,PAYMENT_LINK,True
P000150,authentication_failed,PAYMENT_LINK,0.87042826,126.92620474100113,1,PAYMENT_LINK,True
P000153,authentication_failed,PAYMENT_LINK,0.8595292,201.08407980203629,1,PAYMENT_LINK,True
P000163,insufficient_funds,REMINDER,0.82504565,67.96057307720184,1,WAIT,False
P000169,insufficient_funds,WAIT,0.7212814,0.0,1,WAIT,True
P000171,payment_method_issue,PAYMENT_LINK,0.88819146,149.96979171037674,0,PAYMENT_LINK,True
P000174,bank_error,RETRY,0.64265245,57.55946433544159,0,RETRY,True
P000175,insufficient_funds,REMINDER,0.6921255,57.24016737937927,0,WAIT,False
P000176,payment_method_issue,PAYMENT_LINK,0.8908096,181.788491666317,1,PAYMENT_LINK,True
P000178,payment_method_issue,PAYMENT_LINK,0.813638,175.274895966053,0,PAYMENT_LINK,True
P000179,bank_error,RETRY,0.830976,53.19460153579712,1,RETRY,True
P000184,payment_method_issue,PAYMENT_LINK,0.87741596,191.52636155486107,1,PAYMENT_LINK,True
P000185,authentication_failed,PAYMENT_LINK,0.9063621,148.93263339996338,1,PAYMENT_LINK,True
P000189,payment_method_issue,PAYMENT_LINK,0.9301925,127.80813580751419,0,PAYMENT_LINK,True
P000193,payment_method_issue,PAYMENT_LINK,0.8133154,180.25446638464928,1,PAYMENT_LINK,True
P000195,bank_error,RETRY,0.80260056,66.46764624118805,1,RETRY,True
P000197,payment_method_issue,PAYMENT_LINK,0.9023005,130.05403816699982,1,PAYMENT_LINK,True
P000200,insufficient_funds,REMINDER,0.694461,30.032808125019073,1,WAIT,False
P000204,authentication_failed,PAYMENT_LINK,0.93120897,199.4609899520874,1,PAYMENT_LINK,True
P000211,insufficient_funds,REMINDER,0.78088665,69.09745872020721,1,WAIT,False
P000212,payment_method_issue,PAYMENT_LINK,0.90793586,166.4920498728752,1,PAYMENT_LINK,True
P000219,insufficient_funds,WAIT,0.61059386,0.0,0,WAIT,True
P000222,insufficient_funds,REMINDER,0.81066436,49.61234998703003,1,WAIT,False
P000228,insufficient_funds,REMINDER,0.8168239,31.683618187904358,1,WAIT,False
P000232,payment_method_issue,PAYMENT_LINK,0.78047127,151.4595003426075,1,PAYMENT_LINK,True
P000234,insufficient_funds,PAYMENT_LINK,0.82689553,20.17807388305664,1,WAIT,False
P000240,payment_method_issue,PAYMENT_LINK,0.8794149,148.98477238416672,0,PAYMENT_LINK,True
P000247,payment_method_issue,PAYMENT_LINK,0.72354543,147.61755913496017,1,PAYMENT_LINK,True
P000252,bank_error,RETRY,0.6334125,30.81903600692749,1,RETRY,True
P000255,insufficient_funds,WAIT,0.7742453,0.0,1,WAIT,True
P000257,insufficient_funds,REMINDER,0.7953472,38.99473512172699,0,WAIT,False
P000258,payment_method_issue,PAYMENT_LINK,0.8955161,198.77576234936714,1,PAYMENT_LINK,True
P000267,authentication_failed,PAYMENT_LINK,0.90348434,146.99786961078644,1,PAYMENT_LINK,True
P000271,authentication_failed,PAYMENT_LINK,0.8971973,165.69423121213913,1,PAYMENT_LINK,True
P000273,payment_method_issue,PAYMENT_LINK,0.7106383,150.81632894277573,1,PAYMENT_LINK,True
P000283,bank_error,RETRY,0.8678202,80.54341715574265,1,RETRY,True
P000284,payment_method_issue,PAYMENT_LINK,0.91030854,160.2247238755226,1,PAYMENT_LINK,True
P000290,payment_method_issue,PAYMENT_LINK,0.82423264,171.88667991757393,1,PAYMENT_LINK,True
P000292,authentication_failed,PAYMENT_LINK,0.8462231,198.77824586629868,1,PAYMENT_LINK,True
P000297,insufficient_funds,WAIT,0.6833015,0.0,1,WAIT,True
P000299,authentication_failed,PAYMENT_LINK,0.91959184,134.78830552101135,1,PAYMENT_LINK,True
P000310,payment_method_issue,PAYMENT_LINK,0.82220614,196.51690703630447,1,PAYMENT_LINK,True
P000314,payment_method_issue,PAYMENT_LINK,0.9566518,104.74491864442825,0,PAYMENT_LINK,True
P000315,insufficient_funds,WAIT,0.7404135,0.0,0,WAIT,True
P000319,insufficient_funds,REMINDER,0.8568697,46.61603885889053,1,WAIT,False
P000322,payment_method_issue,PAYMENT_LINK,0.73913974,245.76198428869247,1,PAYMENT_LINK,True
P000323,payment_method_issue,PAYMENT_LINK,0.89304584,129.84729653596878,1,PAYMENT_LINK,True
P000325,insufficient_funds,WAIT,0.6601597,0.0,1,WAIT,True
P000332,authentication_failed,PAYMENT_LINK,0.85765284,169.10265743732452,1,PAYMENT_LINK,True
P000333,payment_method_issue,PAYMENT_LINK,0.8569402,175.84110808372498,0,PAYMENT_LINK,True
P000344,bank_error,RETRY,0.7490792,42.81924110651016,0,RETRY,True
P000352,bank_error,RETRY,0.8651874,73.33271163702011,1,RETRY,True
P000355,authentication_failed,PAYMENT_LINK,0.80928177,206.4536962211132,0,PAYMENT_LINK,True
P000366,bank_error,RETRY,0.78767025,59.78038281202316,0,RETRY,True
P000367,bank_error,RETRY,0.8098624,75.30578404664993,1,RETRY,True
P000368,bank_error,RETRY,0.83046126,48.83155304193497,1,RETRY,True
P000369,authentication_failed,PAYMENT_LINK,0.62518793,215.5048959851265,1,PAYMENT_LINK,True
P000388,bank_error,RETRY,0.8649735,62.61676734685898,0,RETRY,True
P000394,bank_error,RETRY,0.8664346,83.31531947851181,1,RETRY,True
P000403,payment_method_issue,PAYMENT_LINK,0.7308801,168.63997972011566,0,PAYMENT_LINK,True
P000408,bank_error,RETRY,0.78752416,84.9655049443245,1,RETRY,True
P000409,bank_error,PAYMENT_LINK,0.42430586,34.30879446864128,1,RETRY,False
P000411,payment_method_issue,PAYMENT_LINK,0.7878264,221.6847337782383,1,PAYMENT_LINK,True
P000412,payment_method_issue,PAYMENT_LINK,0.78058743,209.0878600180149,1,PAYMENT_LINK,True
P000415,authentication_failed,PAYMENT_LINK,0.8944919,150.41200643777847,0,PAYMENT_LINK,True
P000416,authentication_failed,PAYMENT_LINK,0.80937153,266.0736431479454,1,PAYMENT_LINK,True
P000417,insufficient_funds,WAIT,0.5301794,0.0,1,WAIT,True
P000421,authentication_failed,PAYMENT_LINK,0.91905063,201.35021764039993,1,PAYMENT_LINK,True
P000424,payment_method_issue,PAYMENT_LINK,0.88753396,139.17910397052765,1,PAYMENT_LINK,True
P000431,insufficient_funds,REMINDER,0.7547548,21.236369609832764,1,WAIT,False
P000433,payment_method_issue,PAYMENT_LINK,0.91477716,151.44369208812714,1,PAYMENT_LINK,True
P000434,authentication_failed,PAYMENT_LINK,0.87635607,253.7712817788124,0,PAYMENT_LINK,True
P000437,payment_method_issue,PAYMENT_LINK,0.8248484,193.30253717303276,1,PAYMENT_LINK,True
P000440,payment_method_issue,PAYMENT_LINK,0.88584065,161.90337312221527,1,PAYMENT_LINK,True
P000444,authentication_failed,PAYMENT_LINK,0.82834363,239.20955947041512,1,PAYMENT_LINK,True
P000451,bank_error,RETRY,0.79534954,46.75155556201935,1,RETRY,True
P000458,payment_method_issue,PAYMENT_LINK,0.71008253,130.36651515960693,0,PAYMENT_LINK,True
P000461,bank_error,PAYMENT_LINK,0.7642636,45.31132471561432,1,RETRY,False
P000464,payment_method_issue,PAYMENT_LINK,0.7987345,182.73524698615074,1,PAYMENT_LINK,True
P000472,authentication_failed,PAYMENT_LINK,0.87378037,295.6033732891083,1,PAYMENT_LINK,True
P000473,insufficient_funds,WAIT,0.35670587,0.0,0,WAIT,True
P000479,bank_error,RETRY,0.766349,137.7041915655136,1,RETRY,True
P000480,bank_error,RETRY,0.76510763,65.70879054069519,0,RETRY,True
P000486,bank_error,RETRY,0.7845144,55.48071604967117,1,RETRY,True
P000487,authentication_failed,PAYMENT_LINK,0.9411843,104.9134111404419,1,PAYMENT_LINK,True
P000496,bank_error,RETRY,0.8391182,117.82778763771057,1,RETRY,True
P000499,insufficient_funds,REMINDER,0.82284546,63.11857759952545,1,WAIT,False
P000507,insufficient_funds,WAIT,0.72921586,0.0,0,WAIT,True
P000508,payment_method_issue,PAYMENT_LINK,0.9158838,175.77671509981155,1,PAYMENT_LINK,True
P000512,insufficient_funds,WAIT,0.576908,0.0,1,WAIT,True
P000522,payment_method_issue,PAYMENT_LINK,0.81335956,139.2994430065155,1,PAYMENT_LINK,True
P000528,insufficient_funds,WAIT,0.79572684,0.0,0,WAIT,True
P000529,insufficient_funds,PAYMENT_LINK,0.35185313,28.512726962566376,1,WAIT,False
P000533,bank_error,RETRY,0.87290263,56.7591472864151,1,RETRY,True
P000534,insufficient_funds,REMINDER,0.8958716,50.32953613996506,0,WAIT,False
P000536,bank_error,RETRY,0.82174283,33.969949781894684,1,RETRY,True
P000544,bank_error,RETRY,0.8325423,56.690144181251526,1,RETRY,True
P000545,payment_method_issue,PAYMENT_LINK,0.82952625,132.05640715360641,1,PAYMENT_LINK,True
P000555,insufficient_funds,WAIT,0.58046323,0.0,1,WAIT,True
P000556,payment_method_issue,PAYMENT_LINK,0.9117216,142.28323245048523,1,PAYMENT_LINK,True
P000558,insufficient_funds,REMINDER,0.7885861,62.17573344707489,0,WAIT,False
P000565,insufficient_funds,REMINDER,0.7782085,59.62919169664383,1,WAIT,False
P000566,authentication_failed,PAYMENT_LINK,0.9415012,108.18695414066315,1,PAYMENT_LINK,True
P000568,bank_error,RETRY,0.796496,58.60489112138748,0,RETRY,True
P000569,authentication_failed,PAYMENT_LINK,0.91682833,189.64452493190765,1,PAYMENT_LINK,True
P000573,bank_error,RETRY,0.71953195,65.46142035722733,0,RETRY,True
P000582,payment_method_issue,PAYMENT_LINK,0.91154075,155.9007870554924,1,PAYMENT_LINK,True
P000595,authentication_failed,PAYMENT_LINK,0.847698,191.8100178539753,1,PAYMENT_LINK,True
P000599,bank_error,RETRY,0.80965537,82.79387015104294,1,RETRY,True
P000600,bank_error,RETRY,0.87250745,62.14302533864975,0,RETRY,True
P000602,insufficient_funds,WAIT,0.6259031,0.0,0,WAIT,True
P000603,bank_error,PAYMENT_LINK,0.83236724,46.51953339576721,1,RETRY,False
P000606,insufficient_funds,PAYMENT_LINK,0.81932706,38.591284811496735,1,WAIT,False
P000611,bank_error,RETRY,0.8978085,38.974013328552246,1,RETRY,True
P000613,bank_error,RETRY,0.735248,45.39305692911148,0,RETRY,True
P000622,authentication_failed,PAYMENT_LINK,0.85642254,207.2944931089878,1,PAYMENT_LINK,True
P000645,bank_error,RETRY,0.8536314,64.41114550828934,1,RETRY,True
P000651,authentication_failed,PAYMENT_LINK,0.8999184,204.1614547073841,1,PAYMENT_LINK,True
P000652,bank_error,RETRY,0.848603,57.02727788686752,1,RETRY,True
P000671,authentication_failed,PAYMENT_LINK,0.8201568,258.38940382003784,1,PAYMENT_LINK,True
P000677,insufficient_funds,WAIT,0.6292407,0.0,1,WAIT,True
P000679,bank_error,RETRY,0.7348751,77.52039706707001,1,RETRY,True
P000680,insufficient_funds,REMINDER,0.81558734,65.57205438613892,1,WAIT,False
P000681,payment_method_issue,PAYMENT_LINK,0.81360537,170.68740892410278,0,PAYMENT_LINK,True
P000686,bank_error,RETRY,0.83434916,55.842030584812164,0,RETRY,True
P000692,bank_error,RETRY,0.868038,60.60839033126831,1,RETRY,True
P000694,authentication_failed,PAYMENT_LINK,0.8680033,163.92900091409683,1,PAYMENT_LINK,True
P000696,insufficient_funds,REMINDER,0.8980696,45.7875554561615,1,WAIT,False
P000706,insufficient_funds,REMINDER,0.8278724,36.199603736400604,1,WAIT,False
P000719,authentication_failed,PAYMENT_LINK,0.9394739,104.02107012271881,1,PAYMENT_LINK,True
P000728,authentication_failed,PAYMENT_LINK,0.8812934,132.84884238243103,1,PAYMENT_LINK,True
P000730,bank_error,RETRY,0.40355226,83.38666482269764,0,RETRY,True
P000742,insufficient_funds,REMINDER,0.82585955,23.53229922056198,1,WAIT,False
P000747,bank_error,RETRY,0.71858793,60.30198085308075,1,RETRY,True
P000756,payment_method_issue,PAYMENT_LINK,0.81509715,166.65344873070717,1,PAYMENT_LINK,True
P000760,bank_error,RETRY,0.9163096,46.04448193311691,1,RETRY,True
P000762,bank_error,RETRY,0.8407227,64.50421047210693,1,RETRY,True
P000765,bank_error,RETRY,0.8351498,41.773546636104584,1,RETRY,True
P000766,insufficient_funds,WAIT,0.69019765,0.0,1,WAIT,True
P000773,bank_error,RETRY,0.7008852,164.13795760273933,1,RETRY,True
P000782,insufficient_funds,REMINDER,0.8168164,31.859100222587585,1,WAIT,False
P000784,insufficient_funds,REMINDER,0.7562877,27.39944738149643,1,WAIT,False
P000786,authentication_failed,PAYMENT_LINK,0.8967692,191.65168249607086,1,PAYMENT_LINK,True
P000788,payment_method_issue,PAYMENT_LINK,0.8642934,122.55363857746124,1,PAYMENT_LINK,True
P000790,payment_method_issue,PAYMENT_LINK,0.80015576,174.1580866575241,1,PAYMENT_LINK,True
P000795,bank_error,RETRY,0.69389075,11.777658879756927,1,RETRY,True
P000799,insufficient_funds,PAYMENT_LINK,0.6286443,39.47836136817932,0,WAIT,False
P000808,insufficient_funds,REMINDER,0.82610697,22.74572330713272,1,WAIT,False
P000810,authentication_failed,PAYMENT_LINK,0.9182358,160.0775271654129,1,PAYMENT_LINK,True
P000811,bank_error,RETRY,0.83198476,41.46841609477997,0,RETRY,True
P000813,insufficient_funds,WAIT,0.79234755,0.0,1,WAIT,True
P000818,insufficient_funds,WAIT,0.7021597,0.0,1,WAIT,True
P000832,bank_error,REMINDER,0.8197651,34.616071701049805,1,RETRY,False
P000841,insufficient_funds,REMINDER,0.8371096,62.442971765995026,0,WAIT,False
P000843,bank_error,RETRY,0.8430197,73.34942704439163,0,RETRY,True
P000845,bank_error,PAYMENT_LINK,0.8104277,20.03435707092285,1,RETRY,False
P000846,authentication_failed,PAYMENT_LINK,0.8688196,227.39157313108444,1,PAYMENT_LINK,True
P000848,insufficient_funds,PAYMENT_LINK,0.5920487,41.20055395364761,0,WAIT,False
P000858,payment_method_issue,PAYMENT_LINK,0.8131366,147.73682743310928,1,PAYMENT_LINK,True
P000860,insufficient_funds,REMINDER,0.81557477,74.9166214466095,0,WAIT,False
P000863,payment_method_issue,PAYMENT_LINK,0.6877326,174.60552123188972,1,PAYMENT_LINK,True
P000865,insufficient_funds,REMINDER,0.8050794,64.2584969997406,1,WAIT,False
P000868,bank_error,RETRY,0.8687643,61.388274133205414,1,RETRY,True
P000875,authentication_failed,PAYMENT_LINK,0.91704094,181.6105409860611,0,PAYMENT_LINK,True
P000880,bank_error,RETRY,0.76516354,117.1242236495018,1,RETRY,True
P000882,insufficient_funds,REMINDER,0.6837012,57.14044004678726,1,WAIT,False
P000898,authentication_failed,PAYMENT_LINK,0.84818745,214.33856505155563,1,PAYMENT_LINK,True
P000901,authentication_failed,PAYMENT_LINK,0.8570299,196.06968066096306,1,PAYMENT_LINK,True
P000904,bank_error,RETRY,0.7730684,35.320239424705505,1,RETRY,True
P000908,bank_error,RETRY,0.6820992,44.769084453582764,1,RETRY,True
P000912,bank_error,PAYMENT_LINK,0.6025764,26.320539951324463,1,RETRY,False
P000913,payment_method_issue,PAYMENT_LINK,0.8499713,211.6786738038063,1,PAYMENT_LINK,True
P000927,payment_method_issue,PAYMENT_LINK,0.884375,198.6304096877575,1,PAYMENT_LINK,True
P000928,payment_method_issue,PAYMENT_LINK,0.90181136,140.41744202375412,1,PAYMENT_LINK,True
P000930,payment_method_issue,PAYMENT_LINK,0.821893,207.4983348250389,1,PAYMENT_LINK,True
P000931,authentication_failed,PAYMENT_LINK,0.87490696,244.25469771027565,1,PAYMENT_LINK,True
P000933,payment_method_issue,PAYMENT_LINK,0.8608162,203.4821459054947,1,PAYMENT_LINK,True
P000943,authentication_failed,PAYMENT_LINK,0.9158107,131.07959681749344,1,PAYMENT_LINK,True
P000946,payment_method_issue,PAYMENT_LINK,0.9516907,207.88832134008408,1,PAYMENT_LINK,True
P000950,payment_method_issue,PAYMENT_LINK,0.70211405,198.96718648076057,1,PAYMENT_LINK,True
P000953,bank_error,RETRY,0.73485374,67.78849059343338,1,RETRY,True
P000959,payment_method_issue,PAYMENT_LINK,0.84595346,223.13962855935097,1,PAYMENT_LINK,True
P000966,authentication_failed,PAYMENT_LINK,0.8977267,170.12684792280197,1,PAYMENT_LINK,True
P000979,bank_error,RETRY,0.7869677,72.05781978368759,1,RETRY,True
P000980,payment_method_issue,PAYMENT_LINK,0.80777746,140.0946443080902,1,PAYMENT_LINK,True
P000999,bank_error,PAYMENT_LINK,0.585305,10.791153192520142,0,RETRY,False
P001002,payment_method_issue,PAYMENT_LINK,0.8382452,148.81042057275772,1,PAYMENT_LINK,True
P001006,payment_method_issue,PAYMENT_LINK,0.86576194,192.86500692367554,1,PAYMENT_LINK,True
P001026,authentication_failed,PAYMENT_LINK,0.8624956,264.9997823238373,1,PAYMENT_LINK,True
P001028,bank_error,RETRY,0.89047045,51.60866034030914,1,RETRY,True
P001035,insufficient_funds,WAIT,0.734492,0.0,0,WAIT,True
P001037,insufficient_funds,REMINDER,0.7524449,33.065226912498474,0,WAIT,False
P001042,payment_method_issue,PAYMENT_LINK,0.77410674,141.76899573206902,1,PAYMENT_LINK,True
P001045,payment_method_issue,PAYMENT_LINK,0.88059896,130.32279336452484,1,PAYMENT_LINK,True
P001048,payment_method_issue,PAYMENT_LINK,0.6789401,178.18235072493553,1,PAYMENT_LINK,True
P001056,bank_error,RETRY,0.8899267,33.954691767692566,0,RETRY,True
P001058,payment_method_issue,PAYMENT_LINK,0.7759636,175.5124510526657,1,PAYMENT_LINK,True
P001065,insufficient_funds,REMINDER,0.7987267,22.936344385147095,1,WAIT,False
P001074,authentication_failed,PAYMENT_LINK,0.92921436,121.59381133317947,1,PAYMENT_LINK,True
P001079,bank_error,RETRY,0.82043016,40.001772940158844,1,RETRY,True
P001081,bank_error,RETRY,0.8100535,76.8346192240715,0,RETRY,True
P001085,payment_method_issue,REMINDER,0.8448828,124.2024462223053,1,PAYMENT_LINK,False
P001090,bank_error,RETRY,0.9001932,45.04506713151932,1,RETRY,True
P001091,payment_method_issue,PAYMENT_LINK,0.74870354,121.81640583276749,0,PAYMENT_LINK,True
P001095,payment_method_issue,PAYMENT_LINK,0.856966,179.39977964758873,1,PAYMENT_LINK,True
P001101,bank_error,PAYMENT_LINK,0.45047694,18.890154719352722,0,RETRY,False
P001103,payment_method_issue,PAYMENT_LINK,0.7777777,143.74809104204178,1,PAYMENT_LINK,True
P001104,insufficient_funds,WAIT,0.5814516,0.0,0,WAIT,True
P001106,payment_method_issue,PAYMENT_LINK,0.8932847,174.84338861703873,1,PAYMENT_LINK,True
P001107,insufficient_funds,WAIT,0.48084432,0.0,1,WAIT,True
P001117,authentication_failed,PAYMENT_LINK,0.9070421,201.69483163952827,1,PAYMENT_LINK,True
P001118,insufficient_funds,PAYMENT_LINK,0.61684054,53.71712237596512,1,WAIT,False
P001124,payment_method_issue,PAYMENT_LINK,0.82133234,156.99478369951248,1,PAYMENT_LINK,True
P001129,bank_error,RETRY,0.83843255,36.52446258068085,1,RETRY,True
P001135,authentication_failed,PAYMENT_LINK,0.8755546,176.85307431221008,0,PAYMENT_LINK,True
P001152,payment_method_issue,PAYMENT_LINK,0.93998873,120.35119032859802,1,PAYMENT_LINK,True
P001162,bank_error,RETRY,0.8457904,97.76700860261917,1,RETRY,True
P001175,insufficient_funds,WAIT,0.7932425,0.0,1,WAIT,True
P001178,bank_error,RETRY,0.668901,64.09313637018204,1,RETRY,True
P001179,payment_method_issue,PAYMENT_LINK,0.7810568,172.45962876081467,1,PAYMENT_LINK,True
P001191,insufficient_funds,WAIT,0.5258058,0.0,0,WAIT,True
P001193,payment_method_issue,PAYMENT_LINK,0.8947816,142.44330775737762,1,PAYMENT_LINK,True
P001196,insufficient_funds,WAIT,0.63483065,0.0,0,WAIT,True
P001201,payment_method_issue,PAYMENT_LINK,0.83239275,205.8733860552311,1,PAYMENT_LINK,True
P001205,payment_method_issue,PAYMENT_LINK,0.85794187,168.0539589524269,1,PAYMENT_LINK,True
P001211,bank_error,PAYMENT_LINK,0.7198935,19.107276558876038,0,RETRY,False
P001212,authentication_failed,PAYMENT_LINK,0.86278933,254.95997923612595,1,PAYMENT_LINK,True
P001217,authentication_failed,PAYMENT_LINK,0.8805404,262.63267838954926,1,PAYMENT_LINK,True
P001223,insufficient_funds,PAYMENT_LINK,0.51282257,35.920091331005096,0,WAIT,False
P001227,insufficient_funds,REMINDER,0.79742616,27.600567638874054,1,WAIT,False
P001229,bank_error,RETRY,0.9042688,98.45106136798859,1,RETRY,True
P001230,authentication_failed,PAYMENT_LINK,0.9251855,156.6832287311554,1,PAYMENT_LINK,True
P001231,authentication_failed,PAYMENT_LINK,0.8630182,182.7129696905613,1,PAYMENT_LINK,True
P001232,payment_method_issue,PAYMENT_LINK,0.90631014,163.9034816622734,1,PAYMENT_LINK,True
P001242,bank_error,RETRY,0.5786998,99.36953136324883,1,RETRY,True
P001262,payment_method_issue,PAYMENT_LINK,0.8908226,200.3481111228466,0,PAYMENT_LINK,True
P001264,bank_error,RETRY,0.80228096,60.546614706516266,1,RETRY,True
P001265,payment_method_issue,PAYMENT_LINK,0.87294805,164.15317177772522,1,PAYMENT_LINK,True
P001269,bank_error,RETRY,0.84348243,41.17854356765747,1,RETRY,True
P001270,payment_method_issue,PAYMENT_LINK,0.79085416,151.7455211877823,1,PAYMENT_LINK,True
P001271,insufficient_funds,REMINDER,0.8273772,28.17207396030426,1,WAIT,False
P001273,payment_method_issue,PAYMENT_LINK,0.79776996,140.41613334417343,1,PAYMENT_LINK,True
P001274,payment_method_issue,PAYMENT_LINK,0.6905934,168.01881793141365,1,PAYMENT_LINK,True
P001293,bank_error,RETRY,0.8049555,43.77469617128372,1,RETRY,True
P001299,insufficient_funds,WAIT,0.64049107,0.0,0,WAIT,True
P001300,insufficient_funds,REMINDER,0.85492337,29.36966449022293,0,WAIT,False
P001303,authentication_failed,PAYMENT_LINK,0.81476116,224.93008068203926,1,PAYMENT_LINK,True
P001308,insufficient_funds,WAIT,0.64865,0.0,1,WAIT,True
P001317,bank_error,RETRY,0.8818366,127.31214547157288,1,RETRY,True
P001322,payment_method_issue,PAYMENT_LINK,0.8632247,175.0745490193367,1,PAYMENT_LINK,True
P001323,payment_method_issue,PAYMENT_LINK,0.87510765,155.8283635377884,1,PAYMENT_LINK,True
P001324,bank_error,RETRY,0.86979914,14.12355625629425,1,RETRY,True
P001331,authentication_failed,PAYMENT_LINK,0.83532685,176.11249551177025,1,PAYMENT_LINK,True
P001337,payment_method_issue,PAYMENT_LINK,0.79976386,186.5911375284195,1,PAYMENT_LINK,True
P001346,payment_method_issue,PAYMENT_LINK,0.88573045,157.0434427857399,0,PAYMENT_LINK,True
P001352,authentication_failed,PAYMENT_LINK,0.894889,175.5711334347725,1,PAYMENT_LINK,True
P001360,bank_error,RETRY,0.8358347,61.056047976017,0,RETRY,True
P001361,payment_method_issue,PAYMENT_LINK,0.8540039,224.2971705198288,1,PAYMENT_LINK,True
P001362,insufficient_funds,PAYMENT_LINK,0.5688457,45.14201429486275,1,WAIT,False
P001363,insufficient_funds,REMINDER,0.7828765,22.083471953868866,1,WAIT,False
P001365,bank_error,RETRY,0.7599766,107.74899184703827,1,RETRY,True
P001371,insufficient_funds,REMINDER,0.7393194,49.25240361690521,1,WAIT,False
P001375,authentication_failed,PAYMENT_LINK,0.90509355,187.3013043999672,1,PAYMENT_LINK,True
P001378,payment_method_issue,PAYMENT_LINK,0.7321419,129.15381532907486,1,PAYMENT_LINK,True
P001386,payment_method_issue,PAYMENT_LINK,0.875316,182.1830883026123,1,PAYMENT_LINK,True
P001393,authentication_failed,PAYMENT_LINK,0.8498147,237.8261215686798,1,PAYMENT_LINK,True
P001394,bank_error,RETRY,0.6896318,49.52280354499817,1,RETRY,True
P001399,payment_method_issue,PAYMENT_LINK,0.8148358,185.7609141767025,1,PAYMENT_LINK,True
P001400,insufficient_funds,PAYMENT_LINK,0.52872425,35.735210597515106,0,WAIT,False
P001408,authentication_failed,PAYMENT_LINK,0.9248393,141.6327889561653,1,PAYMENT_LINK,True
P001412,bank_error,RETRY,0.774375,40.85214698314667,1,RETRY,True
P001413,bank_error,RETRY,0.7812864,37.16131365299225,0,RETRY,True
P001414,bank_error,PAYMENT_LINK,0.66930026,43.05224633216858,1,RETRY,False
P001422,payment_method_issue,PAYMENT_LINK,0.7593405,166.53841876983643,1,PAYMENT_LINK,True
P001430,insufficient_funds,WAIT,0.61419386,0.0,1,WAIT,True
P001438,authentication_failed,PAYMENT_LINK,0.85272473,223.09888103604317,1,PAYMENT_LINK,True
P001443,bank_error,WAIT,0.5199591,0.0,1,RETRY,False
P001468,bank_error,RETRY,0.84418344,73.51527243852615,1,RETRY,True
P001476,insufficient_funds,WAIT,0.6138962,0.0,0,WAIT,True
P001489,insufficient_funds,WAIT,0.7200272,0.0,0,WAIT,True
P001492,bank_error,RETRY,0.78750074,48.6453041434288,0,RETRY,True
P001498,insufficient_funds,WAIT,0.29450592,0.0,0,WAIT,True
P001503,bank_error,RETRY,0.69523,158.90725454688072,1,RETRY,True
P001510,bank_error,RETRY,0.7897707,65.62099003791809,0,RETRY,True
P001513,bank_error,RETRY,0.85286874,78.00957554578781,1,RETRY,True
P001534,authentication_failed,PAYMENT_LINK,0.87884337,183.2386276125908,1,PAYMENT_LINK,True
P001537,payment_method_issue,PAYMENT_LINK,0.89882433,155.06468951702118,1,PAYMENT_LINK,True
P001548,insufficient_funds,REMINDER,0.7735814,31.423756062984467,1,WAIT,False
P001552,payment_method_issue,PAYMENT_LINK,0.875889,135.91558426618576,0,PAYMENT_LINK,True
P001554,bank_error,RETRY,0.8336245,58.602184534072876,0,RETRY,True
P001557,bank_error,RETRY,0.7459434,72.10061955451965,1,RETRY,True
P001558,payment_method_issue,PAYMENT_LINK,0.84014064,153.18307596445084,1,PAYMENT_LINK,True
P001560,payment_method_issue,PAYMENT_LINK,0.9365351,122.39231407642365,1,PAYMENT_LINK,True
P001563,payment_method_issue,PAYMENT_LINK,0.8474749,205.51094129681587,1,PAYMENT_LINK,True
P001567,payment_method_issue,PAYMENT_LINK,0.8127233,172.73620629310608,1,PAYMENT_LINK,True
P001568,insufficient_funds,PAYMENT_LINK,0.44174838,21.478916257619858,1,WAIT,False
P001570,authentication_failed,PAYMENT_LINK,0.9071274,185.44104611873627,1,PAYMENT_LINK,True
P001578,bank_error,RETRY,0.8683326,53.9019131064415,1,RETRY,True
P001579,insufficient_funds,PAYMENT_LINK,0.66062397,85.02790594100952,1,WAIT,False
P001583,bank_error,RETRY,0.68954635,72.9336833357811,1,RETRY,True
P001584,insufficient_funds,WAIT,0.60265934,0.0,1,WAIT,True
P001587,bank_error,RETRY,0.85036737,51.1019931435585,1,RETRY,True
P001588,payment_method_issue,PAYMENT_LINK,0.7622169,141.54528588056564,0,PAYMENT_LINK,True
P001601,payment_method_issue,PAYMENT_LINK,0.68785405,200.14574167132378,1,PAYMENT_LINK,True
P001602,insufficient_funds,WAIT,0.81014544,0.0,1,WAIT,True
P001607,insufficient_funds,WAIT,0.5459898,0.0,1,WAIT,True
P001608,bank_error,RETRY,0.7060691,43.69094067811966,1,RETRY,True
P001612,bank_error,RETRY,0.7738321,89.52547997236252,0,RETRY,True
P001614,authentication_failed,PAYMENT_LINK,0.8028885,181.53245148062706,1,PAYMENT_LINK,True
P001615,bank_error,RETRY,0.83126897,97.17001277208328,1,RETRY,True
P001619,bank_error,RETRY,0.70741713,33.83872491121292,1,RETRY,True
P001621,payment_method_issue,PAYMENT_LINK,0.83964175,181.23316538333893,1,PAYMENT_LINK,True
P001625,insufficient_funds,WAIT,0.41314596,0.0,0,WAIT,True
P001629,payment_method_issue,PAYMENT_LINK,0.87925786,195.55092304944992,1,PAYMENT_LINK,True
P001638,insufficient_funds,WAIT,0.68373924,0.0,1,WAIT,True
P001642,payment_method_issue,PAYMENT_LINK,0.7884409,210.43287032842636,1,PAYMENT_LINK,True
P001660,bank_error,RETRY,0.78124994,67.46277809143066,1,RETRY,True
P001666,payment_method_issue,PAYMENT_LINK,0.8724263,204.24573069810867,1,PAYMENT_LINK,True
P001671,payment_method_issue,PAYMENT_LINK,0.88208556,153.81481128931046,1,PAYMENT_LINK,True
P001692,insufficient_funds,WAIT,0.6735932,0.0,0,WAIT,True
P001695,bank_error,REMINDER,0.69000745,69.5251590013504,0,RETRY,False
P001707,payment_method_issue,PAYMENT_LINK,0.8670246,167.8458491563797,1,PAYMENT_LINK,True
P001711,bank_error,RETRY,0.76894116,23.380382299423218,1,RETRY,True
P001726,payment_method_issue,PAYMENT_LINK,0.79178596,144.53248086571693,1,PAYMENT_LINK,True
P001733,payment_method_issue,PAYMENT_LINK,0.8557727,177.6541051864624,1,PAYMENT_LINK,True
P001737,authentication_failed,PAYMENT_LINK,0.87478304,292.36141705513,1,PAYMENT_LINK,True
P001739,payment_method_issue,PAYMENT_LINK,0.7967088,236.9564147591591,1,PAYMENT_LINK,True
P001740,bank_error,RETRY,0.76681,39.64370036125183,1,RETRY,True
P001741,payment_method_issue,PAYMENT_LINK,0.7496633,195.7075184583664,1,PAYMENT_LINK,True
P001742,authentication_failed,PAYMENT_LINK,0.81624174,228.5871857702732,1,PAYMENT_LINK,True
P001745,bank_error,WAIT,0.67936736,0.0,1,RETRY,False
P001746,authentication_failed,PAYMENT_LINK,0.91956455,141.62333077192307,1,PAYMENT_LINK,True
P001747,payment_method_issue,PAYMENT_LINK,0.83724385,186.63181069493294,1,PAYMENT_LINK,True
P001749,insufficient_funds,REMINDER,0.7749463,46.22599285840988,1,WAIT,False
P001753,bank_error,RETRY,0.68797266,148.27261197566986,1,RETRY,True
P001757,payment_method_issue,PAYMENT_LINK,0.66391015,204.05393478274345,1,PAYMENT_LINK,True
P001761,bank_error,RETRY,0.77323276,75.96717286109924,1,RETRY,True
P001763,payment_method_issue,PAYMENT_LINK,0.8524461,185.51724696159363,1,PAYMENT_LINK,True
P001764,authentication_failed,PAYMENT_LINK,0.7482401,179.96612560749054,1,PAYMENT_LINK,True
P001771,payment_method_issue,PAYMENT_LINK,0.8247663,143.12893688678741,1,PAYMENT_LINK,True
P001777,authentication_failed,PAYMENT_LINK,0.90281045,163.21716845035553,1,PAYMENT_LINK,True
P001781,payment_method_issue,PAYMENT_LINK,0.7899689,169.86549866199493,1,PAYMENT_LINK,True
P001789,payment_method_issue,PAYMENT_LINK,0.8786331,145.80804193019867,1,PAYMENT_LINK,True
P001794,authentication_failed,PAYMENT_LINK,0.9302184,129.49975287914276,1,PAYMENT_LINK,True
P001799,authentication_failed,PAYMENT_LINK,0.8867493,216.77061221003532,1,PAYMENT_LINK,True
P001801,payment_method_issue,PAYMENT_LINK,0.9102158,131.6920291185379,1,PAYMENT_LINK,True
P001802,bank_error,RETRY,0.7897393,106.29716056585312,1,RETRY,True
P001805,bank_error,RETRY,0.63141096,68.94804018735886,1,RETRY,True
P001814,insufficient_funds,REMINDER,0.76299775,49.09003812074661,1,WAIT,False
P001815,bank_error,RETRY,0.703509,43.04585087299347,1,RETRY,True
P001818,authentication_failed,PAYMENT_LINK,0.90337574,232.58643621206284,1,PAYMENT_LINK,True
P001819,authentication_failed,PAYMENT_LINK,0.913931,209.0436772108078,1,PAYMENT_LINK,True
P001821,insufficient_funds,WAIT,0.45637822,0.0,1,WAIT,True
P001831,bank_error,RETRY,0.72830737,33.83349019289017,1,RETRY,True
P001832,bank_error,PAYMENT_LINK,0.8597119,113.79422974586487,1,RETRY,False
P001840,insufficient_funds,WAIT,0.6511484,0.0,1,WAIT,True
P001841,authentication_failed,PAYMENT_LINK,0.84870553,192.97854974865913,1,PAYMENT_LINK,True
P001843,bank_error,RETRY,0.70265824,40.11806696653366,0,RETRY,True
P001848,bank_error,RETRY,0.54269314,100.74363005161285,0,RETRY,True
P001861,payment_method_issue,PAYMENT_LINK,0.8143644,170.88277396559715,1,PAYMENT_LINK,True
P001862,payment_method_issue,PAYMENT_LINK,0.8746201,150.9643287062645,1,PAYMENT_LINK,True
P001869,authentication_failed,PAYMENT_LINK,0.9052255,195.66793090105057,1,PAYMENT_LINK,True
P001877,payment_method_issue,PAYMENT_LINK,0.89536047,175.65001112222672,1,PAYMENT_LINK,True
P001878,bank_error,RETRY,0.74323684,26.48921012878418,1,RETRY,True
P001883,payment_method_issue,PAYMENT_LINK,0.8580727,177.91930612921715,1,PAYMENT_LINK,True
P001886,payment_method_issue,PAYMENT_LINK,0.8702831,163.90925174951553,1,PAYMENT_LINK,True
P001899,bank_error,RETRY,0.7395221,35.793267607688904,1,RETRY,True
P001905,bank_error,RETRY,0.8531054,68.1234233379364,0,RETRY,True
P001913,bank_error,RETRY,0.8396782,65.50017511844635,1,RETRY,True
P001916,insufficient_funds,REMINDER,0.8588155,40.48630267381668,1,WAIT,False
P001921,bank_error,RETRY,0.75074375,88.9202156662941,0,RETRY,True
P001922,authentication_failed,PAYMENT_LINK,0.86791205,253.35842311382294,1,PAYMENT_LINK,True
P001930,insufficient_funds,REMINDER,0.8134886,37.34722650051117,1,WAIT,False
P001940,authentication_failed,PAYMENT_LINK,0.94709617,154.81276869773865,1,PAYMENT_LINK,True
P001942,authentication_failed,PAYMENT_LINK,0.85831904,245.38056367635727,1,PAYMENT_LINK,True
P001950,payment_method_issue,PAYMENT_LINK,0.764387,134.07569974660873,1,PAYMENT_LINK,True
P001961,authentication_failed,PAYMENT_LINK,0.9024963,146.0299523472786,1,PAYMENT_LINK,True
P001964,insufficient_funds,WAIT,0.5112895,0.0,0,WAIT,True
P001966,bank_error,RETRY,0.7077864,47.026556730270386,0,RETRY,True
P001967,insufficient_funds,REMINDER,0.83036715,62.88203376531601,1,WAIT,False
P001968,bank_error,RETRY,0.71301514,25.996075868606567,1,RETRY,True
P001992,bank_error,PAYMENT_LINK,0.6010713,37.06289577484131,1,RETRY,False
P001993,authentication_failed,PAYMENT_LINK,0.88272274,146.95509958267212,1,PAYMENT_LINK,True
P002002,insufficient_funds,WAIT,0.47481,0.0,1,WAIT,True
P002013,bank_error,RETRY,0.7275457,86.29107838869095,1,RETRY,True
P002019,payment_method_issue,PAYMENT_LINK,0.81123686,175.30150082707405,1,PAYMENT_LINK,True
P002025,bank_error,PAYMENT_LINK,0.77999634,37.62182092666626,0,RETRY,False
P002026,payment_method_issue,PAYMENT_LINK,0.8614193,194.7472896873951,1,PAYMENT_LINK,True
P002030,insufficient_funds,WAIT,0.7328256,0.0,1,WAIT,True
P002031,payment_method_issue,PAYMENT_LINK,0.82850474,184.67194405198097,0,PAYMENT_LINK,True
P002032,insufficient_funds,PAYMENT_LINK,0.5211604,21.31921273469925,0,WAIT,False
P002046,insufficient_funds,PAYMENT_LINK,0.52261466,80.87033501267433,0,WAIT,False
P002067,insufficient_funds,REMINDER,0.816735,35.89019024372101,1,WAIT,False
P002070,bank_error,RETRY,0.8588086,60.83607083559036,1,RETRY,True
P002084,authentication_failed,PAYMENT_LINK,0.8700179,240.07217264175415,1,PAYMENT_LINK,True
P002088,insufficient_funds,WAIT,0.64103955,0.0,1,WAIT,True
P002090,insufficient_funds,WAIT,0.62365556,0.0,1,WAIT,True
P002094,bank_error,RETRY,0.7432761,81.47501856088638,1,RETRY,True
P002096,insufficient_funds,REMINDER,0.7140923,21.60627979040146,1,WAIT,False
P002097,authentication_failed,PAYMENT_LINK,0.8995502,175.1570850610733,1,PAYMENT_LINK,True
P002098,insufficient_funds,REMINDER,0.7508769,49.14416986703873,1,WAIT,False
P002112,payment_method_issue,PAYMENT_LINK,0.91328067,169.35603564977646,1,PAYMENT_LINK,True
P002113,payment_method_issue,PAYMENT_LINK,0.8693441,177.0516961812973,0,PAYMENT_LINK,True
P002114,insufficient_funds,REMINDER,0.744578,66.66200602054596,1,WAIT,False
P002115,authentication_failed,PAYMENT_LINK,0.86897916,201.78373262286186,1,PAYMENT_LINK,True
P002124,payment_method_issue,PAYMENT_LINK,0.8664854,174.49988996982574,1,PAYMENT_LINK,True
P002125,bank_error,RETRY,0.68677557,81.19689440727234,1,RETRY,True
P002133,bank_error,RETRY,0.7902354,28.151560366153717,1,RETRY,True
P002145,insufficient_funds,REMINDER,0.8697399,41.22710454463959,1,WAIT,False
P002152,insufficient_funds,PAYMENT_LINK,0.67732126,43.931470811367035,0,WAIT,False
P002154,bank_error,RETRY,0.904896,88.89356619119644,1,RETRY,True
P002156,authentication_failed,PAYMENT_LINK,0.92147785,142.3304044008255,1,PAYMENT_LINK,True
P002164,payment_method_issue,PAYMENT_LINK,0.76963574,240.3900479376316,1,PAYMENT_LINK,True
P002165,payment_method_issue,PAYMENT_LINK,0.8509862,188.72841948270798,0,PAYMENT_LINK,True
P002167,insufficient_funds,WAIT,0.72827727,0.0,1,WAIT,True
P002168,insufficient_funds,WAIT,0.78468955,0.0,1,WAIT,True
P002175,insufficient_funds,REMINDER,0.849526,43.12477916479111,1,WAIT,False
P002176,bank_error,RETRY,0.80640626,129.84872341156006,0,RETRY,True
P002177,bank_error,RETRY,0.78655607,85.86004692316055,0,RETRY,True
P002179,bank_error,RETRY,0.7410931,110.62891972064972,1,RETRY,True
P002187,payment_method_issue,PAYMENT_LINK,0.8608009,146.00547409057617,1,PAYMENT_LINK,True
P002191,authentication_failed,PAYMENT_LINK,0.8683394,206.0062616467476,0,PAYMENT_LINK,True
P002207,payment_method_issue,PAYMENT_LINK,0.6916708,231.35571229457855,1,PAYMENT_LINK,True
P002214,payment_method_issue,PAYMENT_LINK,0.8613271,198.88530477881432,1,PAYMENT_LINK,True
P002220,insufficient_funds,WAIT,0.71119976,0.0,1,WAIT,True
P002226,bank_error,RETRY,0.87781304,41.83740425109863,0,RETRY,True
P002231,authentication_failed,PAYMENT_LINK,0.9085766,211.1913691163063,1,PAYMENT_LINK,True
P002234,authentication_failed,PAYMENT_LINK,0.89690703,152.69821017980576,1,PAYMENT_LINK,True
P002235,bank_error,RETRY,0.8125622,93.33706873655319,1,RETRY,True
P002237,payment_method_issue,PAYMENT_LINK,0.91940135,166.4452645778656,1,PAYMENT_LINK,True
P002244,authentication_failed,PAYMENT_LINK,0.54020375,160.47929179668427,0,PAYMENT_LINK,True
P002255,authentication_failed,PAYMENT_LINK,0.86116004,178.40253606438637,1,PAYMENT_LINK,True
P002257,insufficient_funds,WAIT,0.5904322,0.0,1,WAIT,True
P002269,payment_method_issue,PAYMENT_LINK,0.57405186,189.55577266216278,1,PAYMENT_LINK,True
P002273,insufficient_funds,REMINDER,0.78392434,20.978678703308105,1,WAIT,False
P002276,insufficient_funds,WAIT,0.76483196,0.0,1,WAIT,True
P002285,insufficient_funds,WAIT,0.7443329,0.0,1,WAIT,True
P002291,payment_method_issue,PAYMENT_LINK,0.8725868,157.98328292369843,1,PAYMENT_LINK,True
P002292,bank_error,RETRY,0.7831787,40.86086159944534,1,RETRY,True
P002298,authentication_failed,PAYMENT_LINK,0.46962243,102.06669101119041,1,PAYMENT_LINK,True
P002304,insufficient_funds,WAIT,0.29110315,0.0,1,WAIT,True
P002308,payment_method_issue,PAYMENT_LINK,0.8263178,160.6648268699646,1,PAYMENT_LINK,True
P002316,payment_method_issue,PAYMENT_LINK,0.72618943,226.9667727649212,0,PAYMENT_LINK,True
P002317,insufficient_funds,PAYMENT_LINK,0.49184436,42.456410467624664,1,WAIT,False
P002324,bank_error,RETRY,0.8610908,87.92663043737411,0,RETRY,True
P002331,insufficient_funds,PAYMENT_LINK,0.62579334,41.31824588775635,1,WAIT,False
P002333,authentication_failed,PAYMENT_LINK,0.9511025,115.12236106395721,1,PAYMENT_LINK,True
P002343,payment_method_issue,PAYMENT_LINK,0.77198213,138.7671673297882,1,PAYMENT_LINK,True
P002359,payment_method_issue,PAYMENT_LINK,0.8996941,180.57025969028473,1,PAYMENT_LINK,True
P002367,bank_error,RETRY,0.8110153,107.72864782810211,1,RETRY,True
P002371,payment_method_issue,PAYMENT_LINK,0.84538215,199.8028081357479,1,PAYMENT_LINK,True
P002373,insufficient_funds,WAIT,0.42944145,0.0,0,WAIT,True
P002377,authentication_failed,PAYMENT_LINK,0.89590514,159.93940198421478,1,PAYMENT_LINK,True
P002378,bank_error,WAIT,0.5980962,0.0,1,RETRY,False
P002393,payment_method_issue,PAYMENT_LINK,0.8158642,144.27293103933334,0,PAYMENT_LINK,True
P002395,bank_error,RETRY,0.7667445,36.13947284221649,0,RETRY,True
P002405,authentication_failed,PAYMENT_LINK,0.90120566,159.88628149032593,1,PAYMENT_LINK,True
P002408,payment_method_issue,PAYMENT_LINK,0.7488695,178.9962304532528,0,PAYMENT_LINK,True
P002412,payment_method_issue,PAYMENT_LINK,0.8845658,123.95746511220932,1,PAYMENT_LINK,True
P002415,bank_error,WAIT,0.41076586,0.0,0,RETRY,False
P002418,insufficient_funds,WAIT,0.65001774,0.0,1,WAIT,True
P002419,insufficient_funds,PAYMENT_LINK,0.68460184,51.905701637268066,0,WAIT,False
P002426,authentication_failed,PAYMENT_LINK,0.9395971,191.83921033143997,1,PAYMENT_LINK,True
P002442,payment_method_issue,PAYMENT_LINK,0.8309767,171.04307234287262,1,PAYMENT_LINK,True
P002443,bank_error,RETRY,0.85218185,95.77552545070648,1,RETRY,True
P002454,payment_method_issue,PAYMENT_LINK,0.85404974,205.3178218305111,1,PAYMENT_LINK,True
P002459,insufficient_funds,PAYMENT_LINK,0.3942903,44.13229364156723,0,WAIT,False
P002471,authentication_failed,PAYMENT_LINK,0.6745497,155.80898615717888,1,PAYMENT_LINK,True
P002473,authentication_failed,PAYMENT_LINK,0.92212623,138.9444934129715,1,PAYMENT_LINK,True
P002474,bank_error,RETRY,0.59633636,6.930488169193268,1,RETRY,True
P002476,payment_method_issue,PAYMENT_LINK,0.84081215,205.45979869365692,1,PAYMENT_LINK,True
P002478,authentication_failed,PAYMENT_LINK,0.9181548,207.74497631192207,1,PAYMENT_LINK,True
P002483,bank_error,RETRY,0.49010456,92.49786308407784,1,RETRY,True
P002498,bank_error,PAYMENT_LINK,0.61318755,3.284210205078125,1,RETRY,False
P002502,bank_error,PAYMENT_LINK,0.6686035,54.12751239538193,0,RETRY,False
P002504,authentication_failed,PAYMENT_LINK,0.85291046,225.81458449363708,1,PAYMENT_LINK,True
P002506,bank_error,RETRY,0.7084891,83.56033998727798,0,RETRY,True
P002524,insufficient_funds,REMINDER,0.8577762,40.43303346633911,1,WAIT,False
P002526,insufficient_funds,WAIT,0.39599493,0.0,1,WAIT,True
P002529,bank_error,RETRY,0.79203147,34.09498816728592,1,RETRY,True
P002530,payment_method_issue,PAYMENT_LINK,0.8418843,130.23186987638474,1,PAYMENT_LINK,True
P002532,insufficient_funds,WAIT,0.5289903,0.0,0,WAIT,True
P002539,bank_error,RETRY,0.77667135,69.34225016832352,1,RETRY,True
P002543,bank_error,RETRY,0.85428494,55.47378599643707,1,RETRY,True
P002547,bank_error,RETRY,0.75229913,115.03914016485214,1,RETRY,True
P002556,bank_error,RETRY,0.852796,52.98500460386276,0,RETRY,True
P002565,authentication_failed,PAYMENT_LINK,0.93231016,127.05332511663437,1,PAYMENT_LINK,True
P002568,insufficient_funds,PAYMENT_LINK,0.7778203,41.6391995549202,1,WAIT,False
P002570,authentication_failed,PAYMENT_LINK,0.8817314,181.848304271698,1,PAYMENT_LINK,True
P002577,bank_error,RETRY,0.75796777,58.434405863285065,1,RETRY,True
P002580,authentication_failed,PAYMENT_LINK,0.8567775,241.25364261865616,0,PAYMENT_LINK,True
P002588,payment_method_issue,PAYMENT_LINK,0.85666275,199.4706860780716,1,PAYMENT_LINK,True
P002593,insufficient_funds,REMINDER,0.81252253,41.976888716220856,1,WAIT,False
P002594,authentication_failed,PAYMENT_LINK,0.9328018,176.6869017481804,0,PAYMENT_LINK,True
P002595,payment_method_issue,PAYMENT_LINK,0.65260714,151.27158585190773,1,PAYMENT_LINK,True
P002602,payment_method_issue,PAYMENT_LINK,0.8785733,180.35227531194687,1,PAYMENT_LINK,True
P002604,payment_method_issue,PAYMENT_LINK,0.89607126,180.75957208871841,1,PAYMENT_LINK,True
P002619,payment_method_issue,PAYMENT_LINK,0.89627254,131.92461717128754,1,PAYMENT_LINK,True
P002620,payment_method_issue,PAYMENT_LINK,0.55177236,147.41095134615898,0,PAYMENT_LINK,True
P002628,payment_method_issue,PAYMENT_LINK,0.5695145,183.05220025777817,1,PAYMENT_LINK,True
P002632,authentication_failed,PAYMENT_LINK,0.8928592,199.36779114603996,1,PAYMENT_LINK,True
P002637,authentication_failed,PAYMENT_LINK,0.8956546,227.60145261883736,1,PAYMENT_LINK,True
P002645,bank_error,RETRY,0.7308306,65.19403332471848,1,RETRY,True
P002646,bank_error,RETRY,0.49870056,33.18985778093338,1,RETRY,True
P002660,authentication_failed,PAYMENT_LINK,0.8597868,167.7732174396515,1,PAYMENT_LINK,True
P002664,payment_method_issue,PAYMENT_LINK,0.8802788,179.29801493883133,1,PAYMENT_LINK,True
P002668,authentication_failed,PAYMENT_LINK,0.82895947,202.53455778956413,0,PAYMENT_LINK,True
P002669,insufficient_funds,REMINDER,0.75162816,30.734111666679382,1,WAIT,False
P002678,authentication_failed,PAYMENT_LINK,0.90576494,228.7753530740738,1,PAYMENT_LINK,True
P002679,authentication_failed,PAYMENT_LINK,0.9422386,193.4146523475647,1,PAYMENT_LINK,True
P002682,payment_method_issue,PAYMENT_LINK,0.87647825,109.05445998907089,1,PAYMENT_LINK,True
P002688,payment_method_issue,PAYMENT_LINK,0.89600664,156.6802544593811,0,PAYMENT_LINK,True
P002690,insufficient_funds,REMINDER,0.85942036,30.226581931114197,1,WAIT,False
P002701,payment_method_issue,PAYMENT_LINK,0.7632062,186.895702958107,1,PAYMENT_LINK,True
P002704,authentication_failed,PAYMENT_LINK,0.8229437,218.5786868929863,1,PAYMENT_LINK,True
P002706,authentication_failed,PAYMENT_LINK,0.90032953,167.33454209566116,1,PAYMENT_LINK,True
P002707,bank_error,RETRY,0.8424068,40.84084475040436,1,RETRY,True
P002710,bank_error,RETRY,0.8808086,67.13792812824249,1,RETRY,True
P002719,authentication_failed,PAYMENT_LINK,0.89430887,171.049853682518,1,PAYMENT_LINK,True
P002725,bank_error,RETRY,0.7121451,53.15956461429596,1,RETRY,True
P002731,authentication_failed,PAYMENT_LINK,0.9159058,134.55845379829407,1,PAYMENT_LINK,True
P002738,bank_error,RETRY,0.8385884,73.58052796125412,0,RETRY,True
P002739,authentication_failed,PAYMENT_LINK,0.8703481,236.40226331353188,1,PAYMENT_LINK,True
P002744,bank_error,RETRY,0.8483812,73.29122054576874,1,RETRY,True
P002745,payment_method_issue,PAYMENT_LINK,0.85237867,167.59514778852463,1,PAYMENT_LINK,True
P002749,payment_method_issue,PAYMENT_LINK,0.88717926,192.2079605460167,1,PAYMENT_LINK,True
P002753,authentication_failed,PAYMENT_LINK,0.90869087,197.46293365955353,1,PAYMENT_LINK,True
P002759,insufficient_funds,WAIT,0.76427364,0.0,1,WAIT,True
P002760,payment_method_issue,PAYMENT_LINK,0.7052821,178.62269166111946,1,PAYMENT_LINK,True
P002767,bank_error,RETRY,0.7661494,31.936678111553192,1,RETRY,True
P002777,insufficient_funds,WAIT,0.7462255,0.0,1,WAIT,True
P002780,insufficient_funds,WAIT,0.43360683,0.0,0,WAIT,True
P002782,payment_method_issue,PAYMENT_LINK,0.53385204,210.2261881828308,0,PAYMENT_LINK,True
P002787,insufficient_funds,REMINDER,0.851807,35.343459606170654,1,WAIT,False
P002812,authentication_failed,PAYMENT_LINK,0.8222913,198.86320593953133,0,PAYMENT_LINK,True
P002826,authentication_failed,PAYMENT_LINK,0.9028471,200.26512894034386,1,PAYMENT_LINK,True
P002847,insufficient_funds,REMINDER,0.86167234,26.399764895439148,1,WAIT,False
P002848,bank_error,RETRY,0.88463724,75.15858733654022,1,RETRY,True
P002852,payment_method_issue,PAYMENT_LINK,0.8656203,170.3468250632286,1,PAYMENT_LINK,True
P002856,bank_error,PAYMENT_LINK,0.714933,43.37742346525192,1,RETRY,False
P002862,bank_error,RETRY,0.73398936,79.50063747167587,0,RETRY,True
P002863,payment_method_issue,PAYMENT_LINK,0.7838614,214.42151749134064,1,PAYMENT_LINK,True
P002864,payment_method_issue,PAYMENT_LINK,0.9125562,166.07809072732925,1,PAYMENT_LINK,True
P002868,insufficient_funds,WAIT,0.57561547,0.0,0,WAIT,True
P002874,bank_error,RETRY,0.9025283,57.933954894542694,1,RETRY,True
P002876,payment_method_issue,PAYMENT_LINK,0.83815616,162.203863799572,1,PAYMENT_LINK,True
P002882,authentication_failed,PAYMENT_LINK,0.77306783,266.5527091026306,1,PAYMENT_LINK,True
P002884,bank_error,RETRY,0.8244031,120.77975237369537,0,RETRY,True
P002888,bank_error,RETRY,0.74528754,34.82362526655197,1,RETRY,True
P002891,bank_error,PAYMENT_LINK,0.63968307,38.41461306810379,0,RETRY,False
P002896,bank_error,RETRY,0.8709174,65.42052412033081,1,RETRY,True
P002898,bank_error,REMINDER,0.75304705,61.96708828210831,1,RETRY,False
P002902,payment_method_issue,PAYMENT_LINK,0.89782184,158.91696631908417,1,PAYMENT_LINK,True
P002910,insufficient_funds,REMINDER,0.793106,39.23898231983185,0,WAIT,False
P002917,bank_error,RETRY,0.72347176,133.58454260230064,1,RETRY,True
P002928,payment_method_issue,PAYMENT_LINK,0.92953044,116.39478427171707,1,PAYMENT_LINK,True
P002930,insufficient_funds,REMINDER,0.8394163,51.703203558921814,1,WAIT,False
P002931,insufficient_funds,REMINDER,0.8287869,55.2906214594841,1,WAIT,False
P002935,payment_method_issue,PAYMENT_LINK,0.8445578,178.801028996706,1,PAYMENT_LINK,True
P002958,bank_error,RETRY,0.81211776,50.69225746393204,1,RETRY,True
P002959,payment_method_issue,PAYMENT_LINK,0.844435,177.91585597395897,0,PAYMENT_LINK,True
P002968,payment_method_issue,PAYMENT_LINK,0.81035846,159.69613629579544,1,PAYMENT_LINK,True
P002969,bank_error,RETRY,0.79651445,31.414782643318176,1,RETRY,True
P002987,payment_method_issue,PAYMENT_LINK,0.7166465,217.75213676691055,1,PAYMENT_LINK,True
P002989,authentication_failed,PAYMENT_LINK,0.8783773,200.08145278692245,1,PAYMENT_LINK,True
P002992,bank_error,RETRY,0.6425775,9.2330801486969,1,RETRY,True
P002995,authentication_failed,PAYMENT_LINK,0.9226122,187.441779255867,1,PAYMENT_LINK,True
P002997,payment_method_issue,PAYMENT_LINK,0.8203504,200.41744139790535,1,PAYMENT_LINK,True
P003000,insufficient_funds,PAYMENT_LINK,0.56452435,26.16709727048874,0,WAIT,False
